play_result2,N,RV
double,8639,0.7408145540666191
field_out,84057,-0.2638779273973869
home_run,6866,1.3578240132307313
single,26285,0.4549044469052346
triple,789,1.0416756519225618
